!!!,Freedom! '15
'96 Bulls,Future
#1 Dads,Two Weeks {triple j Like A Version}
A Night In Texas,The God Delusion
A Place To Bury Strangers,We've Come So Far
A Sol Mechanic,Tight Leash
A Tribe Called Quest,Bonita Applebum (Pharrell Wiiliams Remix)
A.D.K.O.B.,Disclaimer
A.D.K.O.B.,Glue
A.E.,Killafornia {Ft. Y.G. & Mila J}
A$AP Ferg,Dope Walk
A$AP Rocky,Electric Body {Ft. ScHoolboy Q}
A$AP Rocky,Everyday {Ft. Rod Stewart/Miguel/Mark Ronson}
A$AP Rocky,Excuse Me
A$AP Rocky,Holy Ghost {Ft. Joe Fox}
A$AP Rocky,Jukebox Joints {Ft. Joe Fox & Kanye West}
A$AP Rocky,L$D
A$AP Rocky,Pharsyde {Ft. Joe Fox}
ABRA,Roses
ACE ROMEO,Hyperdrive
Action Bronson,Actin Crazy {Prod. By 40}
Action Bronson,Baby Blue {Ft. Chance The Rapper}
Action Bronson,Brand New Car
Action Bronson,Terry
Active Child,Never Far Away
Adam Lowe,Capture
Aerials,Restless
Aeroplane,Let's Go Slow {Ft. Benjamin Diamond}
AFX,Serge Fenix Rendered 2
Ainslie Wills,Constellations
Ainslie Wills,Drive
Airling,Stallin'
Airling,U Got It Bad {triple j Like A Version}
Akroyd Smart,Different
Alabama Shakes,Don't Wanna Fight
Alabama Shakes,Future People
Alba,Operator
Alba,The Shift
Albert Hammond Jr,Born Slippy
Alex G,Salt
Alex Lahey,Air Mail
Algiers,Black Eunuch
Algiers,Blood
Algiers,Irony Utility Pretext
Ali Barter,Blood
Ali Barter,Hypercolour
Ali E,Track One
Alice Skye,1966
Alice Skye,For Every Year
Alina Baraz & Galimatias,Maybe
Alison Wonderland,Already Gone {Ft. Brave/Lido}
Alison Wonderland,Back It Up {Alison Wonderland x AWE}
Alison Wonderland,Carry On {Ft. Johnny Nelson/Ganz}
Alison Wonderland,Games
Alison Wonderland,One More Hit
Alison Wonderland,Run
Alison Wonderland,Take It To Reality {Ft. SAFIA}
Alison Wonderland,U Don't Know {Ft. Wayne Coyne}
All That Remains,This Probably Won't End Well
All Tvvins,Thank You
All We Are,Keep Me Alive
All We Are,Stone
Allan Smithy,The Streets
Allday,Coffin
Allday,Grammy
Ally Brown,Suburbia
Alpine,Cigarettes Will Kill You {triple j Like A Version}
Alpine,Come On
Alpine,Crunches
Alpine,Damn Baby
Alpine,Foolish
Alpine,Jellyfish
Alpine,Shot Fox
Alpine,Up For Air
Alyx Dennison,Jewels Are Just Lumps
"Amity Affliction, The",Shine On
"Amity Affliction, The",Skeletons
Anderson .Paak,Am I Wrong {Ft. ScHoolboy Q}
Anderson .Paak,The Season/Carry Me
Andras & Oscar,(I Know) What You Want
Andrei Eremin,Anhedoniac {Ft. Kucka}
Angel Haze,Candlxs
Angie,Down For The Count
Angie,Out Of Age
Angry Seas,Fish & Chips
Ann Vriend,A Need So Wide
Anna B Savage,I
Anna O,Close My Eyes {Ft. Angus Dawson}
Anna O,Whisper
Anna O,Wish I Said
Anna Of The North,The Dreamer
"Ansah Brothers, The",Go Figure
"Ansah Brothers, The",Never Learn
Anti,Flag,Brandenburg Gate {Ft. Tim Armstrong}
Anti,Flag,Sky Is Falling
Antony & Cleopatra,Take Me
APES,Dimension
Aphex Twin,18 With My Family
Apothek,Family
Aquila Young,Vagabond
Aquilo,Better Off Without You
Ara Koufax,Market
Arca,Vanity
Arcade Fire,Apocrypha
Arcade Fire,Soft Power
Arches,New Love {Ft. Karen Harding}
Archy Punker,Can't Run Without Legs
"Arcs, The",Outta My Mind
"Arcs, The",Stay In My Corner
Art Of Sleeping,Bleeding Out
Art Of Sleeping,Hotline Bling {triple j Like A Version}
Art Of Sleeping,Voodoo
Art vs Science,Chosen One
Art vs Science,Enter Sandman {triple j Like A Version}
Art vs Science,In This Together
Art vs Science,Tired Of Pretending
Art vs Science,Unity
Arthur Miles,6
Asdasfr Bawd,Alsp
Asdasfr Bawd,Negative Energy
Ash Grunwald,River
Ash Grunwald,Second Guess
Asha Jefferies,Kiss My Ass
Asta,Dynamite {Ft. Allday}
Asta,I Wanna Dance With Somebody {triple j Like A Version}
"Aston Shuffle, The",Don't Let Go
"Aston Shuffle, The",High With You
Astrid S,Hyde
Atlas Bound,Landed On Mars
Au Dré,Fool Me
Au.Ra,Talk Show
August Burns Red,Identity
August Burns Red,The Wake
Auguste,Slow Motion
AURORA,"Murder Song (5,4,3,2,1)"
AURORA,Runaway
AURORA,Running With The Wolves
AURORA,Under Stars
AUSTRALIA,Who R U
Autre Ne Veut,World War Pt. 2
Avaberee,Can't Get You Off My Mind
Avaberee,Doubt
Avalanche City,Inside Out
"Avener, The",Castle In The Snow {Ft. Kadebostany}
"Avener, The",Hate Street Dialogue {Ft. Rodriguez}
Aversions Crown,Parasites
Awaken I Am,Divisions
Awreeoh,Don't Get Deleted
Ayla,Throw Your Arms Around Me {triple j Like A Version}
Ayla,Waiting
Ayla,When The World Ends
B Wise,Lately
B Wise,Prince Akeem
Baauer,GoGo!
Baauer,Promises {Ft. Fetty Wap & Dubbel Dutch}
Babaganouj,Can't Stop
Babaganouj,Hit Song
"Babe Rainbow, The",Aloe Vera
"Babe Rainbow, The",Ashmay And Dr Lovewisdom
Bachelor Pad,Ever Get The Feeling?
Back Back Forward Punch,No Answer
Bad Decisions,ALLDAY
Bad Pony,Down To You
Bad Pony,Michael Moore
Bad//Dreems,Bogan Pride
Bad//Dreems,Can't Feel My Face {triple j Like A Version}
Bad//Dreems,Cuffed And Collared
Bad//Dreems,Hiding To Nothing
Bad//Dreems,Naden
Bad//Dreems,New Boys
BADBADNOTGOOD & Ghostface Killah,Gunshowers {Ft. Elzhi}
BADBADNOTGOOD & Ghostface Killah,Mind Playing Tricks
BADBADNOTGOOD & Ghostface Killah,Nuggets Of Wisdom
BADBADNOTGOOD & Ghostface Killah,Ray Gun {Ft. DOOM}
BADBADNOTGOOD & Ghostface Killah,Six Degrees {Ft. Danny Brown}
BADBADNOTGOOD & Ghostface Killah,Sour Soul
Bag Raiders,Vapour Trails
Baio,Brainwash yyrr Face
Baio,Sister Of Pearl
Balthazar,Then What
Banff,All Again
Banff,The Great Unknown
Banks,Better
Banoffee,Body Suit
Banoffee,With Her
Bare Bones,White Knuckles Black Tar
Baro,Bears {Ft. Venus Court}
Baroness,Chlorine & Wine
Baroness,Shock Me
BASECAMP,Watch My Back
Basenji,About You {Ft. Oscar Key Sung}
Basenji,Can't Get Enough
Basenji,Petals {Ft. Scenic}
Batpiss,Spiritually Challenged
Battlehounds,Visions
Battles,FF Bada
Battleships,In Time
BATTS,"For That, I'm Sorry"
BATTS,Morals
Beach Baby,Limousine
Beach House,All Your Yeahs
Beach House,Sparks
Beach House,Wildflower
Beach Slang,Bad Art & Weirdo Ideas
Beach Slang,Hard Luck Kid
Beach Slang,Noisy Heaven
Beach Slang,Ride The Wild Haze
Beat Connection,Illusion
Bec Sandridge,"In The Fog, In The Flame"
Beck,Dreams
Behaviors,Don't Fight It
Belle & Sebastian,Enter Sylvia Plath
Belle & Sebastian,Ever Had A Little Faith?
Belle Haven,The Looking Glass
"Belligerents, The",Looking At You
"Belligerents, The",Praise You {triple j Like A Version}
"Belligerents, The",Voices
Belu,Twenty Something
Ben Browning,Friends Of Mine
Ben Browning,Make It Easy
Ben Folds,Capable Of Anything
Ben Khan,1000
Ben Mason,Help The Best Things Grow
Ben Salter,Bones Under The Dunes
Ben Salter,The Translator
Ben Wright Smith,Born Yawning
Ben Wright Smith,No One
Beneb,Burning
"Bennies, The",(He'll Never Be An) Ol' Man River {triple j Like A Version}
"Bennies, The",Party Machine
Benson,Hollow {Ft. Thom Crawford}
"Besnard Lakes, The",Golden Lion
Best Coast,California Nights
Best Coast,Fading Fast
Best Coast,Feeling Ok
Best Coast,Fine Without You
Best Coast,Heaven Sent
Best Coast,In My Eyes
Best Coast,Wasted Time
Best Coast,When Will I Change
Best Friends,Fake Spit
Between The Buried And Me,Memory Palace
Bibio,Petals
Big Grams,Fell In The Sun
Big K.R.I.T.,86
Big Scary,Organism
Big Sean,Blessings {Ft. Drake & Kanye West}
Big Smoke,Lately
Big Strong Brute,Oh Me Oh My
Big White,Dinosaur City
Big White,You Know I Love You
Billy Fox,Lights
Billy Fox,You
Birds Of Tokyo,Anchor
Birds Of Tokyo,I'd Go With You Anywhere
BJ The Chicago Kid,Church {Ft. Chance The Rapper & Buddy}
Bjork,Lionsong
Bjork,Quicksand
Bjork,Stonemilker
"Black Queen, The",The End Where We Start
Black Vanilla,Slug
Blackalicious,Blacka
Blackalicious,The Blow Up
Blaenovon,Hell Is My Head
Blanck Mass,Dead Format
Blank Realm,No Views
Blank Realm,Palace Of Love
Blank Realm,River Of Longing
Bloc Party,The Love Within
Blonde Tongues,Hey Good Lookin'
Bluejuice,End Of The Road {triple j Like A Version}
Blur,Go Out
Blur,I Broadcast
Blur,Lonesome Street
Blur,There Are Too Many Of Us
BLY,Rosey
BLY,Superfluid
Boats,Shallows
Boats,Spider's Soul
Bob Moses,Before I Fall
Bob Moses,Talk
Bob Moses,Tearing Me Up
Bobby Alu,My Style
Bobby Alu,Step
Bobby Boomerang,Where Am I?
"Bohicas, The",The Making Of
"Bohicas, The",To Die For
Bon Voyage,Booshie
Bonjah,Burn
BOO SEEKA,Deception Bay
BOO SEEKA,Fool
BOO SEEKA,Kingdom Leader
BOO SEEKA,Pilgrim {triple j Like A Version}
Booka Shade,Line Of Fire {Ft. Karin Park}
Bootleg Rascal,Asleep In The Machine
Bootleg Rascal,Coming Home
Bootleg Rascal,Holding On
BOOTS,Aquaria {Ft. Deradoorian}
BOOTS,C.U.R.E.
BOOTS,I Run Roulette
Born Joy Dead,Chains On You
Born Joy Dead,Stones In My Shoe
Born Lion,Break The Curse
Born Lion,Good Dogs Play Dead
Born Lion,None Of The Above
BORNS,Electric Love
Bow And Arrow,Midnight
Boxed In,No Joke
Boy & Bear,A Thousand Faces
Boy & Bear,Breakdown Slow
Boy & Bear,Hollow Ground
Boy & Bear,Limit Of Love
Boy & Bear,Walk The Wire
Boy & Bear,Where'd You Go
BOYSETSFIRE,One Match
Braids,Sore Eyes
Branko,Eventually {Ft. Alex Rita & Bison}
Branko,Let Me Go {Ft. Nonku Phiri & Mr. Carmack}
Brawlers,Drink & Dial
Break Even,Young and Bright
Bree Tranter,More Sex And Love
Brendan Maclean,Techtonic
Brian Campeau,How We Knew
Bricc Baby Shitro,Piano Cracc {Prod. Brodinski}
Briggs,The Children Came Back {Ft. Geoffrey Gurrumul Yunupingu & Dewayne Everettsmith}
Bright Spark,Head In The Sand
Bring Me The Horizon,Avalanche
Bring Me The Horizon,Doomed
Bring Me The Horizon,Happy Song
Bring Me The Horizon,Oh No
Bring Me The Horizon,Run
Bring Me The Horizon,Throne
Bring Me The Horizon,True Friends
Bring Me The Horizon,What You Need
British India,Angela
British India,Blame It All On Me
British India,Spider Chords
British India,Suddenly
Broadway Sounds,Shonky Man
Broadway Sounds,Sing It Again
Broadwing,Pockets
Broadwing,Watermark
Brodinski,François,Xavier {Ft. Young Scooter}
Brodinski,Interviews {Ft. ILOVEMAKONNEN & Bloody Jay}
Broen,Iris
Broken Bells,It's That Talk Again
Bugs,Best Friend
Bugs,Heal
Bugs,Tinnies
Bullet For My Valentine,You Want A Battle? (Here's A War)
Bully,I Remember
Bully,Milkman
Bully,Too Tough
Bully,Trying
BUOY,Close/Open
BUOY,Don't Want To See You
BUOY,Took Me Up
Burial,Temple Sleeper
Buried In Verona,Hurricane
C.W. Stoneking,Mama Got The Blues
"Cactus Channel, The",Cobaw
"Cactus Channel, The",Kill The Doubt {Ft. Chet Faker}
Cage The Elephant,Mess Around
Cage The Elephant,Trouble
Cairo Knife Fight,Reality Engine
"Cairos, The",Love Don't Feel Right
Caligula's Horse,Marigold
Camp Lo,Bright Lights
Canary,Here We Go
Canary,Women's Business
Capewolf,Just Like Heaven
Caravana Sun,Ashes
Carl Craig & Green Velvet,Rosalie
Carmada,Lean On {triple j Like A Version}
Carmada,On Fire {Ft. Maribelle}
Cashmere Cat,Adore {Ft. Ariana Grande}
Cashmere Cat & DJ Mustard,Ice Rink
Cassian,Feel It
Cassian,Takeover
Cassius Select,Cross Strut
Castlecomer,Escapism
"Cat Empire, The",Wolves
Catfish And The Bottlemen,Hourglass {Single Version}
Catfish And The Bottlemen,Read My Mind {triple j Like A Version}
Catlips,Fade
Catlips,Silver Smoke
Caulfield,Hell Inside My Head
Ceres,Ceres Is For Lovers
Chairlift,Ch,Ching
Chance The Rapper,Angels {Ft. Saba}
Chance The Rapper,Israel (Sparring) {Ft. Noname Gypsy}
Chance The Rapper,Wanna Be Cool {Ft. Big Sean/Kyle/Jeremih} Chance The Rapper & The Social
Experiment,Lady Friend
Chance Waters,Break Of Dawn
Chance Waters,Stars Don't Shine
Chaos Divine,Painted With Grey
Charles Murdoch,Frogs {Ft. Taku/Wafia/Hak}
Charles Murdoch,Straws
Charlie Belle,Get To Know
Charlie Threads,Coffee {Ft. Baro}
Charlotte OC,If My House Was Burning
Chase & Status,Funny B2069{Ft. Frisco}
Chase City,I Lost Myself
Chase City,Scarlet Skies
Chasm,Lose My Mind
Cheatahs,Murasaki
Cheatahs,Seven Sisters
"Chemical Brothers, The",Born In The Echoes {Ft. Cate Le Bon}
"Chemical Brothers, The",Go {Ft. Q,Tip}
"Chemical Brothers, The",Sometimes I Feel So Deserted
"Chemical Brothers, The",Under Neon Lights {Ft. St. Vincent}
"Chemical Brothers, The",Wide Open {Ft. Beck}
"Cherry Dolls, The",The Last Time
Chet Faker,Bend
Childish Gambino,So Into You {triple j Like A Version}
Chris Lake & Anna Lunoe,Stomper
Christian Rich,Compromise {Ft. Sinead Harnett & GoldLink}
Christine And The Queens,Tilted
Christopher Coleman Collective,Just Like A Needle
Chromatics,I Can Never Be Myself When You're Around
Chromatics,Shadow
Chrome Sparks,Moonraker
Chronixx,Play Some Roots
Chvrches,Clearest Blue
Chvrches,Empty Threat
Chvrches,High Enough To Carry You Over
Chvrches,Keep You On My Side
Chvrches,Leave A Trace
Chvrches,Make Them Gold
Chvrches,Never Ending Circles
Chvrches,Playing Dead
Ciecmate,That's Fate
Ciggie Witch,Look Of Pain
Circa Waves,T,Shirt Weather
Citizen Kay,Life Gives You Lemons
Citizen Kay,Wax On Wax Off
City And Colour,Wasted Love
City Calm Down,Border On Control
City Calm Down,Falling
City Calm Down,In A Restless House
City Calm Down,Nowhere To Start
City Calm Down,Rabbit Run
City Calm Down,Son
City Calm Down,Wandering
City Calm Down,Your Fix
Claptone,Anything {Ft. Jaw}
Claptone,Dear Life {Ft. Jaw}
Claptone,Heartbeat {Ft. Nathan Nicholson}
Claptone,In The Beginning {Ft. Nathan Nicholson}
Claptone,Leave Your Light On {Ft. Young Galaxy}
Claptone,Puppet Theatre {Ft. Peter Bjorn & John}
Claptone,The Only Thing
Claws & Organs,Alphabetti Spaghetti
Cleopold,Down In Flames
Cleopold,Scarlet
cln,Left Behind
Closet Straights,Eight Days
Clowns,Alone With You {triple j Like A Version}
Clowns,Euthanise Me
Clowns,Never Enough
Clowns,These Veins
Club Cheval,Discipline
Club Cheval,From The Basement To The Roof
Clubfeet,We Are Affected
Coach Bombay,Sunshine
Coda Conduct,Knowledge Is King {Ft. Inès}
Coda Conduct,Paint It Gold
Coda Conduct,Pool Room
Coin Banks,Cursive
Coin Banks,Highs And Lows
Cold War Kids,One Song At A Time
Collarbones,Emoticon
Collarbones,Turning (Flume Remix)
Columbus,Downsides Of Being Honest {Ft. John F. of Trophy Eyes}
Columbus,Hospital
Comodo,2am
Conics,Burning Up
Corin,CDA
Cosmo Shelldrake,Rich {Ft. Anndreyah Vargas}
Cosmo's Midnight,Walk With Me {Ft. KUCKA}
Courtney Barnett,An Illustration Of Loneliness (Sleepless In New York)
Courtney Barnett,Aqua Profunda!
Courtney Barnett,Boxing Day Blues (Revisited)
Courtney Barnett,Dead Fox
Courtney Barnett,Debbie Downer
Courtney Barnett,Depreston
Courtney Barnett,Elevator Operator
Courtney Barnett,Nobody Really Cares If You Don't Go To The Party
Courtney Barnett,Pedestrian At Best
Cousin Tony's Brand New Firebird,Queen Of Hearts
Cousin Tony's Brand New Firebird,Soothsayer
Covers,Hours
Cradle of Filth,Right Wing of The Garden Triptych
"Crayon Fields, The",She's My Hero
"Creases, The",Point
CREO,Light It Up
Crepes,Cold Summers
Crepes,Size Of Your Town
Crepes,Stages Of Fear
"Cribs, The",Burning For No One
Crooked Colours,Another Way
Crooked Colours,Step
Crystal Castles,Deicide
Crystal Castles,Frail
Cub Sport,Only Friend
Cull,The Safest Address
Cull,Truth Bomb
Curse Ov Dialect,Twisted Strangers {Ft. Hemlock Ernst}
Curtis Harding,The Drive
Custard,We Are The Parents (Our Parents Warned Us About)
Cut Snake,Echo
Cut Snake,Jungle Shrimp
Cy Gorman,Busy Bee
Cy Gorman,Carmen San Diego
Cy Gorman,Cool Change {Ft. Will Poskitt}
Cyril Hahn,Last {Ft. Joel Ford}
Cyril Hahn,Same {Ft. Yumi Zouma}
D'Angelo And The Vanguard,Ain't That Easy
D'Angelo And The Vanguard,Sugah Daddy
D'Angelo And The Vanguard,The Charade
D'Angelo And The Vanguard,Till It's Done (Tutu)
Dam,Funk,Rise
Dam,Funk,We Continue
Dan Deacon,Feel The Lightning
Dan Deacon,When I Was Done Dying
Dan Kelly,Never Stop The Rot
Daniel Johns,Aerial Love
Daniel Johns,Chained
Daniel Johns,Cool On Fire
Daniel Johns,Dissolve
Daniel Johns,Going On 16
Daniel Johns,Imagination
Daniel Johns,New York
Daniel Johns,Preach
Daniel Johns,Sleepwalker
Daniel Johns,We Are Golden
Danny L Harle,Broken Flowers
Daphni,Vikram
Darcy Baylis,Envelopes
Dark Fair,Listen Up
Darlia,I've Never Been To Ohio
Darling James,Ultimatum Talk
Darren Hanlon,Trust Your Feelings (When You Wake)
Darts,Dead
Darts,Westward Bound
Darwin Deez,Kill Your Attitude
Daughter,Doing The Right Thing
Daughter,Numbers
David Zowie,House Every Weekend
Day Ravies,Fake Beach
Day Wave,Come Home Now
De La Soul,God It {Ft. Nas}
Dead Letter Circus,Change The Concept
Dead Letter Circus,In Plain Sight
Dead Letter Circus,Show Me
Dead Letter Circus,Silence
Dead Letter Circus,While You Wait
Dead Letter Circus,X
Dead Letter Circus,Y A N A
"Dead Weather, The",I Feel Love (Every Million Miles)
"Dead Weather, The",Let Me Through
Deafcult,Akira
Deafheaven,Brought To The Water
Deafheaven,Gifts For The Earth
Deap Vally,Royal Jelly
Death Cab For Cutie,Black Sun
Death Cab For Cutie,Little Wanderer
Death Cab For Cutie,The Ghosts Of Beverly Drive
"Decemberists, The",A Beginning Song
"Decemberists, The",Cavalry Captain
"Decemberists, The",The Wrong Year
"Decemberists, The",Till The Water's All Long Gone
Deerhunter,All The Same
Deerhunter,Breaker
Deerhunter,Snakeskin
Deez Nuts,Face This On My Own
Deez Nuts,What I Gotta Do
Denai Moore,Blame
Denney,Low Frequency
DENNI,Blink {Ft. Aphir}
DENNI,Wolves {Ft. Kuren}
Denpasar,Radar (Shine Your Way) {Ft. My Own Pet Radio}
Desaparecidos,City On The Hill
Desaparecidos,The Left Is Right
Desecrator,Red Steel Nation
Destrends,My Friend
Destroy All Noise,Monkey
Destroyer,Dream Lover
Deutsch Duke,Battleground
Deutsch Duke,Harder Without You
Devotional,Wild Blue
DEX,Crazy {Ft. Sam Edwards} (Prod.Cam Bluff)
Diafrix,Wake Up
Dianas,Favourite Place
Dianas,Good Enough Girl
Dick Diver,Tearing The Posters Down
Dick Diver,Waste The Alphabet
DIET.,Your House
Digitalism,Roller
DIIV,Dopamine
Dillon Francis,Bruk Bruk (I Need Your Lovin)
Dillon Francis & Kygo,Coming Over {Ft. James Hersey}
Dillon Francis & Skrillex,Bun Up The Dance
Dilly Dally,Desire
Diplo & Sleepy Tom,Be Right There
Disclosure,Bang That
Disclosure,Holding On {Ft. Gregory Porter}
Disclosure,Hourglass {Ft. Lion Babe}
Disclosure,Jaded
Disclosure,Magnets {Ft. Lorde}
Disclosure,Masterpiece {Ft. Jordan Rakei}
Disclosure,Moving Mountains {Ft. Brendan Riley}
Disclosure,Nocturnal {Ft. The Weeknd}
Disclosure,Omen {Ft. Sam Smith}
Disclosure,Willing & Able {Ft. Kwabs}
"Districts, The",Chlorine
"Districts, The",Hounds
"Districts, The",Peaches
Dividem,All In My Head
Dizz1,Clocks
Dizz1,Get 'Em Up {Ft. Frank Nitt}
Dizzee Rascal,Nutcrackerz {Ft. Giggs}
DJ Dodger Stadium,In The Flames
DJ Snake,Middle {Ft. Bipolar Sunshine}
Django Django,First Light
Django Django,Giant
Django Django,Pause Repeat
Django Django,Reflections
Django Django,Shake And Tremble
DMA's,Lay Down
DNKL,Otherside
Doe Paoro,Growth/Decay
Doe Paoro,Nostalgia
Doe Paoro,The Wind {Ft. Adam Rhodes}
Dollar Bar,Australia Hates Me
Dom Dolla & Go Freek,Define
Domenique Dumont,L'esprit de l'escalier
Donatachi,Gold {Ft. Tashka}
Donnie Trumpet & The Social Experiment,Sunday Candy
Doom Mountain,I'm Just A Man
DOOMSTARKS,Lively Hood
Dornik,Drive
Dorsal Fins,Cut The Wire
Dorsal Fins,Mind Renovation
Dorsal Fins,Pash {triple j Like A Version}
Dorsal Fins,Sun & Stars
Dr. Colossus,Stupid Sexy Flanders
Dr. Dre,Animals {Ft. Anderson Paak}
Dr. Dre,Deep Water {Ft. Kendrick Lamar/KAL}
Dr. Dre,Genocide {Ft. Kendrick Lamar/Marsha Ambrosius/Candice Pillay}
Dr. Dre,It's All On Me {Ft. Justus/BJ The Chicago Kid}
Dr. Dre,Satisfiction {Ft. Snoop Dogg/Marsha Ambrosius/King Mez}
Dr. Dre,Talking To My Diary
Drake,6 Man
Drake,Energy
Drake,Hotline Bling
Drake,Jungle
Drake,No Tellin'
Drapht,Dancin' John Doe
Dream On Dreamer,Don't Lose Your Heart
Dream On Dreamer,Vertigo
Dreller,One Night Stand
Drenge,Running Wild
Drenge,The Woods
Drenge,We Can Do What We Want
DRINKS,Hermits On Holiday
Dro Carey,Monomiles {Ft. Chocolate/Kid Kairo}
"Drones, The",Taman Shud
Drunk Mums,Pub On My Own
Du Tonc,Animals
Du Tonc,Every Song
Duke Dumont,Ocean Drive
Duke Dumont,The Giver (Reprise)
Dusk,Evolve {Ft. Jane Tyrrell}
Dusk,Way Back Home
Dustin Tebbutt,Home
Dustin Tebbutt,Silk {Ft. Thelma Plum}
Dutch Uncles,Decided Knowledge
Dylan Joel,Ain't You
Dylan Joel,Always Fresh
Dylan Joel,Blank
Dylan Joel,Hometown Peeps
Dylan Joel,Swing {Ft. Mantra/DJ Izm}
Dylan Joel,What's Good
DZ Deathrays,Addicted To Bass {triple j Like A Version}
E^ST,Bitter Sweet Symphony {triple j Like A Version}
E^ST,Disappear
E^ST,The Alley
Eagles Of Death Metal,Complexity
Earl Sweatshirt,Faucet
Earl Sweatshirt,Grief
East India Youth,Turn Away
East Journey,Emu {Ft. Yothu Yindi}
Ecca Vandal,Battle Royal
Ecca Vandal,End Of Time
Ecca Vandal,Father Hu$$la
Eden Mulholland,The New Old Fashioned
Edward Francis,Braver
Edward Francis,Mistaken For Grandeur
Edward R.,Wolves And The Water
Edward Sharpe & The Magnetic Zeros,Hot Coals
El Guincho,Mis Hits
EL VY,I'm The Man To Be
EL VY,Return To The Moon
Elana Stone,Steely Dan
Eleanor Dunlop,Rollin' On
Elizabeth Rose,Another Earth
Elizabeth Rose,Division
Elizabeth Rose,Shoulda Coulda Woulda
Elk Road,Not To Worry {Ft. Governors}
Ella Fence,The Dust
Ella Fence,Unknown Water
Ella Thompson,I Go Over
Elliot Moss,Big Bad Wolf
Elliot Moss,I Can't Swim
Elliphant,Love Me Badder
Elvis Perkins,AM
Emma Louise,Underflow
Emmy The Great,Swimming Pool
Empress Of,How Do You Do It
Empress Of,Standard
Endless Heights,Haunt Me
Equal,Shakedown {Ft. Seja}
Errors,Lease Of Life
ESESE,Alive {Ft. Hancoq/Baro/Cazeaux OSLO}
ESESE,WONDERLAND {Ft. Hancoq/Hudson James Jr/Lostbeat}
Etienne De Crecy,WTF {Ft. P.O.S/Dave}
Evangeline,Chemicvl
Evangeline,My Kingdom
Everybody Everybody,Blackbox
Everything Everything,Distant Past
Everything Everything,Fortune 500
Everything Everything,No Reptiles
Everything Everything,Regret
Everything Everything,Spring/Sun/Winter/Dread
Everything Everything,With Every Heartbeat {triple j Like A Version}
Eves The Behavior,Electrical
Eves The Behavior,TV
Example,Whisky Story
Ezra Furman,Lousy Connection
Ezra Furman,Restless Year
Fait,Solace
Faith No More,Sunny Side Up
Faith No More,Superhero
Fake Problems,Holy Attitude
Fascinator,Dead Of The Night
Fashawn,Out The Trunk
Fashawn,Something To Believe In {Ft. Nas/Aloe Blacc}
Fat Freddy's Drop,Razor
Fat White Family,Whitest Boy On The Beach
Father Dude,Bring Us Back
Father John Misty,"I Love You, Honeybear"
Father John Misty,Strange Encounter
Favored Nations,Always
Feki,Quiet Minds {Ft. Emily}
Feki,Remember
Fekky,Way Too Much {Ft. Skepta}
Fences,Sunburns
Fever The Ghost,1518
FEWS,The Zoo
FIDLAR,40oz. On Repeat
FIDLAR,Drone
FIDLAR,Sober
FIDLAR,West Coast
Fieldings,A Pleasant Stutter
Fifth Dawn,Turbulence
Fit For An Autopsy,Absolute Hope Absolute Hell
Fit For An Autopsy,Ghosts In The River
FKA twigs,Figure 8
FKA twigs,Glass & Patron
FKA twigs,I'm Your Doll
FKA twigs,In Time
Flamingo,Lost On You
Flamingo Jones,Botanical Animal
Flight Facilities,Down To Earth {Radio Edit}
Flight Facilities,Heart Attack {Ft. Owl Eyes} {Radio Edit}
Floating Points,Silhouettes
Florence And The Machine,Caught
Florence And The Machine,Delilah
Florence And The Machine,"How Big, How Blue, How Beautiful"
Florence And The Machine,Mother
Florence And The Machine,Queen Of Peace
Florence And The Machine,Ship To Wreck
Florence And The Machine,St Jude
Florence And The Machine,Third Eye
Florence And The Machine,What Kind Of Man
Floria,Talk 2 Me
Flosstradamus,Don't Trip {Ft. Sizzy Rocket/Run The Jewels}
Flowertruck,Sunshower
Flume,Some Minds {Ft. Andrew Wyatt}
Flux Pavilion,Who Wants To Rock {Ft. Riff Raff}
Flyying Colours,Leaks
Flyying Colours,Running Late
Foals,Albatross
Foals,Birch Tree
Foals,Daffodils {triple j Like A Version}
Foals,Give It All
Foals,London Thunder
Foals,Mountain At My Gates
Foals,Night Swimmers
Foals,Snake Oil
Foals,What Went Down
Foam,Warm
Food Court,For The Morning
Food Court,On The River
Foreign Tongues,Assembly
Foreign Tongues,Fools Of Love
Foreign/National,Always Blue
Foreign/National,Pacific Cruise
Formation,Hangin
Fortunes,In My Hair
Fountaineer,Grand Old Flags
Four Year Strong,I Hold Myself In Contempt
Fox & Fowl,Eliza
Fox & Fowl,Spark
Fractures,Reactor
Frank Carter & The Rattlesnakes,Juggernaut
Fraser A. Gorman,Shiny Gun
Fraser A. Gorman,We're All Alright
Freddie Gibbs,Extradite {Ft. Black Thought}
Fresh Hex,Goddess {Ft. Rosebud Leach}
Friendships,Pedal To The Metal
FTSE,Blood On My Hands
FTSE,Brits Abroad
Full Tote Odds,Think About Me {Ft. Simplex}
Full Tote Odds,Waiting Games {Ft. Taylor Jones}
Funkoars,Below Average
Future Brown,Room 302 {Ft. Tink}
Future Islands,The Chase
Fyfe,Solace
Gabriella Cohen,I Don't Feel So Alive
Gallant,Weight In Gold
Gallows,Bonfire Season
"Game, The",El Chappo {Ft. Skrillex}
"Game, The",Magnus Carlsen {Ft. Anderson .Paak}
Gang Of Youths,All My Friends {triple j Like A Version}
Gang Of Youths,Kansas
Gang Of Youths,Magnolia
Gang Of Youths,Radioface
Gang Of Youths,Restraint & Release
Gang Of Youths,The Diving Bell
Gang Of Youths,Vital Signs
"Garden, The",All Smiles Over Here
Garrett Kato,UFOS
Gary Clark Jr.,Grinder
Gay Paris,Cult Slang
Gay Paris,The Sackcloth Saint Of The Cornfield
Gaz Coombes,20/20
Gemma Hayes,Palomino
GENER8ION,The New International Sound (Part.2) {Ft. M.I.A}
Genesis Owusu,The Day After Valentine's
Gengahr,Fill My Gums With Blood
Gengahr,Heroine
Gengahr,She's A Witch
Gengahr,Tired Eyes
George FitzGerald,About Time {Ft. Boxed In}
George FitzGerald,Call It Love (If You Want To)
George FitzGerald,Full Circle {Ft. Boxed In}
George Maple,Call Of The Wild
George Maple,Where You End And I Begin {Ft. Grande Marshall}
Georgi Kay,God Of A Girl
Georgia,Move Systems
Georgia Fair,Last Chance
Ghost,Cirice
Ghostpoet,Off Peak Dreams
Gideon Bensen,All New Low
Gill Bates,Didn't Mind {Prod. Feki}
Gill Bates,She Knows {Ft. Allday}
Gilligan Moss,Choreograph
Gin Wigmore,Willing To Die {Ft. Suffa & Logic}
Ginger & Drum,Habit
Girl Band,Paul
Girlpool,Chinatown
Givers,"Record High, Record Low"
GL,Number One
GL,Runner
Glass Animals,Gold Lime
Glass Animals & Joey Bada$$,Lose Control
Glass Skies,Still Here
Goat,It's Time For Fun
GodWolf,Resist
Going Swimming,Them Shakes
Gold Class,Bite Down
Gold Class,Furlong
Gold Class,Life As A Gun
Gold Fields,Make Me Feel {Ft. KLP}
Golden Features,Baxter
Golden Features,No One {Ft. Thelma Plum}
Golden Features,Telescope {Ft. K. Flay}
Golden Rules,Auntie Pearl's House
Golden Rules,Down South Boogie
Golden Rules,It's Over
Golden Vessel,Borrowed Time {Ft. Tiana Khasi}
Golden Vessel,Control {Ft. Caleb Hodges}
GoldLink,Dance On Me
GoldLink,Spectrum
"Gooch Palms, The",Slow Burner
"Gooch Palms, The",Tiny Insight
Good Boy,Transparency
"Goon Sax, The",Sometimes Accidentally
Gordi,Can We Work It Out
Gordi,Taken Blame
GOVS,6teenDRE'am
GOVS,Baby We're Outside Of Time
Grand Pavilion,Stranger
Grandtheft,Quit This City {Ft. Lowell}
Grandtheft & Sleepy Tom,Hold On
Graphic Characters,All Over
Green Buzzard,Slow It Down Now
Green Buzzard,Zoo Fly
Grenadiers,Handfuls Of Dirt
Grenadiers,Summer
Grenadiers,Take Forever
Grenadiers,Vitriol {triple j Like A Version}
Grimes,Artangels
Grimes,Belly Of The Beat
Grimes,Butterfly
Grimes,California
Grimes,Easily
Grimes,Flesh Without Blood
Grimes,Kill V. Maim
Grimes,Realiti
Grimes,Scream {Ft. Aristophanes}
Grimes,Venus Fly {Ft. Janelle Monae}
GRMM,Die Young {Ft. Wild Eyed Boy}
GRMM,Travolta Cool
Grouplove,No Drama Queen
GRRL PAL,Dare
GRRL PAL,Radar
GRRL PAL,Suggest
Guards Of May,The Observer
Guilty Simpson,Fractured {Ft. Fat Ray}
GUM,Anesthetized Lesson
Gunslingers,Interstellar
Gwilym Gold,Triumph
Gypsy & The Cat,Can't Stop Me Now
Gypsy & The Cat,Lost Control
GZA,The Mexican {Ft. Tom Morello}
Halcyon Drive,Reset
Half Moon Run,Consider Yourself
Half Moon Run,Hands In The Garden
Half Moon Run,Narrow Margins
Half Moon Run,Sun Leads Me On
Half Moon Run,Trust
Half Moon Run,Turn Your Love
Half Moon Run,Warmest Regards
Halsey,Castle
Halsey,Ghost
Halsey,Hold Me Down
Halsey,Hurricane
HAMJAM,Cooked
Hands Like Houses,New Romantics
Hanni El Khatib,The Teeth
"Hard Aches, The",Loser
"Harpoons, The",Ready For Your Love
Harts,Aerial Love {triple j Like A Version}
Harts,All Rise (Play It Cool)
Harts,Breakthrough
Harvey Sutherland,Bermuda
Hau,Kill.I.Am
Hau,Light Bulbs {Ft. DJ Dexter}
Hau,Skip Hop {Ft. LTC}
Hayden Calnin,White Night
Hayden James,Something About You
HEALTH,New Coke
HEALTH,Stonefist
Hein Cooper,Rusty
Hein Cooper,The Art Of Escape
Hellions,Hellions
Hellions,Nottingham
Her,Five Minutes
Here We Go Magic,Falling
Hermitude,Bermuda Bay
Hermitude,Hazy Love {Ft. Chloe Kaul}
Hermitude,Hijinx
Hermitude,Metropolis
Hermitude,Searchlight {Ft. Yeo}
Hermitude,The Buzz {Ft. Mataya/Young Tapz}
Hermitude,Through The Roof {Ft. Young Tapz}
Hermitude,Ukiyo (OK Sure Remix)
Hiatus Kaiyote,Breathing Underwater
Hiatus Kaiyote,Dare {triple j Like A Version}
Hiatus Kaiyote,Shaolin Monk Motherfunk
Hiatus Kaiyote,Swamp Thing
High Highs,Cascades
High Tension,Killed By Life
High,tails,Information
High,tails,My Heart
Highasakite,Keep That Letter Safe
HINDS,Chili Town
HINDS,Garden
HINDS,San Diego
Hippo Campus,South
Hippo Campus,Suicide Saturday
Hockey Dad,Can't Have Them
Holy Holy,A Heroine
Holy Holy,Sentimental And Monday
Holy Holy,You Cannot Call For Love Like A Dog
"Holy Soul, The",Precious
Honne,Loves The Jobs You Hate
Hooton Tennis Club,Kathleen Sat On The Arm Of Her Favourite Chair
Hopium,Right Now
Horror My Friend,Mazes
Horrorshow,Any Other Name {Ft. Jimblah/Thelma Plum/Urthboy}
Hot Chip,Huarache Lights
Houndmouth,Sedona
Howl,I'm Gone
Howl At The Moon,Russian Thistle
Hudson Mohawke,Ryderz
Hudson Mohawke,Scud Books
Hudson Mohawke,Very First Breath {Ft. Irfane}
Hudson Mohawke,Warriors {Ft. Ruckazoid/Devaeux}
Hugo Frederick,Hexagonia
Hugo Frederick,Remote
Hugo Frederick,Skin
Husband,The Money
I Know Leopard,Another Life
I Know Leopard,Close My Eyes
I Know Leopard,Waterfalls {triple j Like A Version}
"I, Valiance",The Pillars Of Ruin
I'lls,Keep
Iglooghost,Gold Coat {Ft. Cuushe}
Illy,Swear Jar
Immigrant Union,In Time
In Hearts Wake,Badlands
In Hearts Wake,Breakaway
In Hearts Wake,Erase
In Hearts Wake,Insomnia
In Hearts Wake,Skydancer
In Hearts Wake,Vice Grip {triple j Like A Version}
In Hearts Wake,Wildfire
Infinity Broke,Famine Of Words
Infinity Broke,Only The Desert Grows
"Internet, The",Gabby {Ft. Janelle Monae}
"Internet, The",Get Away
"Internet, The",Girl {Ft. Kaytranada}
"Internet, The",Go With It {Ft. Vic Mensa}
"Internet, The",Something's Missing
"Internet, The",Special Affair
"Internet, The",Under Control
Islandis,Home
IV League,Lit Screen
IV League,Varsity
Ivan Ooze,Fire
J Motor,Jungle Daze
j.viewz,Don't Pull Away {Ft. Milosh}
Jaakko Eino Kalevi,Deeper Shadows
Jaala,Hard Hold
Jaala,Salt Shaker
Jack Colwell,Don't Cry Those Tears
Jack Garratt,Breathe Life
Jack Garratt,Chemical
Jack Garratt,Weathered
Jack Ladder & The Dreamlanders,To Keep And Be Kept
Jack R Reilly,Submerged
Jack U,To U {Ft. AlunaGeorge}
Jackie Onassis,Breathe
Jackie Onassis,Crew
Jackie Onassis,MIA {Ft. Vydamo}
Jackie Onassis,Stay In {Ft. Spit Syndicate}
Jai Wolf,Indian Summer
Jai Wolf,Trophy Wife
Jakarta Criers,Medicine
James Chatburn,Holiday Love {Ft. Jordan Rakei}
James Crooks,Naturally {Ft. Paige IV}
James Vincent McMorrow,How To Waste A Moment
Jamie Woon,Sharpness
Jamie xx,Gosh
Jamie xx,I Know There's Gonna Be (Good Times) {Ft. Young Thug/Popcaan}
Jamie xx,Loud Places {Ft. Romy}
Jamie xx,Obvs
Jamie xx,SeeSaw {Ft. Romy}
Jamie xx,Stranger In A Room {Ft. Oliver Sim}
"Japanese House, The",Cool Blue
"Japanese House, The",Still
Japanese Wallpaper,Forces {Ft. Airling}
Jarryd James,Do You Remember
Jarryd James,Give Me Something
Jarryd James,Giving It Up
Jarryd James,Regardless {Ft. Julia Stone}
Jarryd James,Say It Ain't So {triple j Like A Version}
Jarryd James,Sell It To Me
Jarryd James,Sure Love
Jarryd James,"This Time (Serious Symptoms, Simple Solutions)"
Jarryd James,Underneath
Jay Rock,Gumbo
Jay Rock,Money Trees Deuce {Ft. Lance Skiiiwalker}
Jaysways,Snapped Wires \\ Rest Assured
jayteehazard,Red Shift
Jebediah,Go {triple j Like A Version}
Jen Cloher,Needle In The Hay
Jenny Broke The Window,Black Skeleton
Jenny Broke The Window,Skinny Dip
jennylee,Never
Jeremy Neale,Hold On Together {Ft. Phoebe Imhoff}
Jeremy Neale,The Love Calling {Ft. Harriette Pilbeam}
Jess Kent,Get Down
Jess Ribeiro,Hurry Back To Love
Jess Ribeiro,Kill It Yourself
Jesse Davidson,Lagoon
Jesse Davidson,Laika
Jesse Davidson,Sober {triple j Like A Version}
Jessica Pratt,Game That I Play
"Jezabels, The",Come Alive
Jia Lih,Chance In Love {Ft. B Cannon}
Jillionaire & Swick,Ants Nest {Ft. T.O.K.}
Jimblah,Treaty 2015 {Ft. Nooky/Ellie Lovegrove/Zachariiah Fielding}
Jinja Safari,Accident
Jinja Safari,Find My Way
Jinja Safari,Kilimanjaro
JME,Man Don't Care {Ft. Giggs}
Joanna Gruesome,Honestly Do Yr Worst
Joanna Newsom,Leaving The City
Joanna Newsom,Sapokanikan
Joey Bada$$,Big Dusty
Joey Bada$$,Curry Chicken
Joey Bada$$,Escape 120 {Ft. Raury}
Joey Bada$$,Hazeus View
Joey Bada$$,Like Me {Ft. BJ The Chicago Kid}
Joey Bada$$,No. 99
Joey Bada$$,On & On {Ft. Maverick Sabre/Dymeond Lewis}
Joey Bada$$,Paper Trail$
Joey Bada$$,Teach Me {Ft. Kiesza}
"John Steel Singers, The",Weekend Lover
Jones Jnr.,Perfume
Joni In The Moon,Tarantella
Joni In The Moon,War And Porn
Jordan Rakei X Kiran Kai,Maya
Josef Salvat,Night Swim
Josh Pyke,Songlines
Josh Pyke,There's A Line
JOY.,About Us
JOY.,Weather
JP Klipspringer,I Blame Carl Weathers
Julia Holter,Feel You
Julia Holter,Sea Calls Me Home
Julio Bashmore,Holding On {Ft. Sam Dew}
Julio Bashmore,Kong {Ft. Bixby}
"Jungle Giants, The",Creepy Cool
"Jungle Giants, The",Devil's Play
"Jungle Giants, The",Every Kind Of Way
"Jungle Giants, The",It Gets Better
"Jungle Giants, The",Kooky Eyes
"Jungle Giants, The",Lemon Myrtle
"Jungle Giants, The",Lights & Music {triple j Like A Version}
Junior Boys,Big Black Coat
Junior Boys,What You Won't Do For Love
Just A Gent,Heavy As A Heartbreak {Ft. LANKS}
Kacy Hill,Foreign Fields
Kagu,Human
Kali Uchis,Ridin Round
Kant vs. MK,Ey Yo
Kanye West,All Day {Ft. Theophilus London/Allan Kingdom/Paul McCartney}
Kanye West,Only One {Ft. Paul McCartney}
Kate Boy,Northern Lights
Kaytranada,Drive Me Crazy {Ft. Vic Mensa}
Kelela,A Message
Kelela,Rewind
Kendrick Lamar,Alright
Kendrick Lamar,How Much A Dollar Cost {Ft. James Fauntleroy/Ronald Isley}
Kendrick Lamar,Institutionalized {Ft. Bilal/Anna Wise/Snoop Dogg}
Kendrick Lamar,King Kunta
Kendrick Lamar,The Blacker The Berry
Kendrick Lamar,These Walls {Ft. Bilal/Anna Wise/Thundercat}
Kendrick Lamar,Wesley's Theory {Ft. George Clinton/Thundercat}
Kendrick Lamar,You Ain't Gotta Lie (Momma Said)
Kenton Slash Demon,Harpe
Kid Wave,Honey
Kid Wave,Wonderlust
Kids At Midnight,Electrified
Kids At Midnight,Survival
"Kill Devil Hills, The","I Am The Rut, I Am The Wheel"
Kill The Noise,Mine {Ft. Bryn Christopher}
Kilter,Ice Cream {Ft. Ngaiire} {triple j Like A Version}
Kilter,Want 2 {Ft. Porsches}
King Colour,You Just Don't Know It Yet
King Gizzard & The Lizard Wizard,God Is In The Rhythm
King Gizzard & The Lizard Wizard,Paper Mache Dream Balloon
King Gizzard & The Lizard Wizard,Trapdoor
King Parrot,Like A Rat
Kingfisha,Water Running
Kira Puru,All Dulled Out
Kirin J Callinan,The Teacher {Ft. Connan Mockasin}
Kita Alexander,Like You Want To
Kita Alexander,My Own Way
"Kite String Tangle, The x Dustin Tebbutt",Illuminate
KLP,Recover {Ft. Remi}
Knife Party,PLUR Police
Kochi Boy & Henrik The Artist,Friends Forever
Koi Child,Black Panda
Kölsch,Talbot {Ft. Gregor Schwellenbach}
"Kooks, The",Creatures Of Habit
KUCKA,Flux 98
Kuren,Achillies
Kuren,It Still Hurts
Kurt Vile,Life Like This
Kurt Vile,Pretty Pimpin
L D R U,Keeping Score {Ft. Paige IV}
L,FRESH The LION,Get Mine {Ft. Parvyn Kaur Singh}
La Priest,Oino
Lamb of God,512
Lamb of God,Still Echoes
Lana Del Rey,High By The Beach
Lana Del Rey,Honeymoon
Lana Del Rey,Music To Watch Boys To
Lana Del Rey,Terrence Loves You
Lanks,Aurelia
Lanks,Hold Me Closer
Lapalux,Closure
Lapalux,Don't Mean A Thing
Lapsley,8896
Lapsley,Falling Short
Lapsley,Hurt Me
Last Dinosaurs,Always
Last Dinosaurs,Apollo
Last Dinosaurs,Evie
Last Dinosaurs,Wellness
Last Dinosaurs,Wurl
Lastlings,Wavelength
Laura Marling,False Hope
Laura Marling,How Can I
Laura Marling,Short Movie
"Laurels, The",Zodiak K
Le Pie,Josephine
Le Pie,Secrets
Le1f,Koi
Left.,Freedom
Left.,Jungle
Left.,Lay With Me
Leftfield,Bilocation
Leftfield,Universal Everything
Leikeli47,Heard Em Say
Leisure,Got It Bad
Leisure,Take It To The Top
Leon Bridges,Better Man
Leon Bridges,Coming Home
Leon Osborn,The Map & The Territory
Lewis Cancut,Systems
"Libertines, The",Gunga Din
Lido & CanBlaster,Superspeed
Life Is Better Blonde,Follow Me
Life Is Better Blonde,Mine
Lilt,Capture
Lilt,Don't Tell Me
Lincoln Jesser,In My Place
Lion Babe,Impossible
LIR,Chasing
Little Deed,Storm In My Cup
Little May,Cicadas
Little May,Great Southern Land {triple j Like A Version}
Little May,Home
Little May,Oh My My
Little May,Seven Hours
Little May,Sold
Little Simz,Dead Body
Little Simz,Don't Ruin It
Little Simz,Gratitude {Ft. The Hics}
Little Simz,Lane Switch
Little Simz,The Lights
"Living Eyes, The",Put It Back
Logic,Like Woah
Lola Marsh,You're Mine
Lolawolf,House Key
LOLO BX,Everything {Ft. Lucy Mason}
LOLO BX,for u
Lontalius,All I Wanna Say
Loon Lake,Just Now
Loon Lake,Radiator
Loon Lake,Surfin'
Lord Huron,Fool For Love
Lost Woods,Ancient Psychic Tandem War Elephant
Louis The Child,It's Strange {Ft. K.Flay}
Love Of Diagrams,Story Up
Low,No Comprende
LOW LUX,Rivers Roll
LOW LUX,Ruin
Lower Dens,To Die In L.A.
Lower Spectrum,Proxima
Lowtide,Spring
Loyle Carner,Ain't Nothing Changed
LTC,0.999
LTC,Bangers & Mash
Luca Brasi,Aeroplane
Luca Brasi,In The Sight
LUCIANBLOMKAMP,From Afar
Lucky Luke,1 Day
Luke Million,Archetype {Ft. Jeswon}
Luke Million,Fear The Night {Ft. Jesse Davidson}
"Lulu Raes, The",Burnout
Lupa J,Armour
Lupa J,Dirty Skin
Lupa J,Quiet Here
Lupa J,Waiting For Her
Lupe Fiasco,Little Death {Ft. Nikki Jean}
Lupe Fiasco,Mural
Lurch & Chief,Breathe Out
Lurch & Chief,Echo
Lurch & Chief,Fading Out
Lusts,Temptation
Lusts,Waves
LVYN,Legion
Lxury,Square 1 {Ft. Deptford Goth}
Lxury & LA Priest,Show
M.I.A,Can See Can Do
M.I.A.,Borders
M83,Holes In the Sky {Ft. HAIM}
MAALA,In The Air
MAALA,Touch
MAALA,Unbound
Mac DeMarco,Another One
Mac DeMarco,I've Been Waiting For Her
Mac DeMarco,The Way You'd Love Her
Mac Miller,Weekend {Ft. Miguel}
"Maccabees, The",Kamakura
"Maccabees, The",Marks To Prove It
"Maccabees, The",Something Like Happiness
"Maccabees, The",Spit It Out
Machine Age,Chivalry
Macklemore & Ryan Lewis,DOWNTOWN {Ft. Eric Nally/Melle Mel/Kool Moe Dee/Grandmaster Caz}
Madeon,Home
Madeon,Nonsense {Ft. Mark Foster}
Madeon,Pay No Mind {Ft. Passion Pit}
Madeon,You're On {Ft. Kyan}
Magic Bones,Danger I Am
Mailer Daemon,All I Know {Ft. Omar Musa}
Mailer Daemon,Let's See {Ft. Sage}
Majical Cloudz,Are You Alone
Majical Cloudz,Silver Car Crash
Majid Jordan,Forever
Major Lazer,Be Together {Ft. Wild Belle}
Major Lazer,Blaze Up The Fire {Ft. Chronixx}
Major Lazer,Lean On {Ft. MØ/DJ Snake}
Major Lazer,Light It Up {Ft. Nyla}
Major Lazer,Lost {Ft. MO}
Major Lazer,Night Riders {Ft. Travi$ Scott/2 Chainz/Pusha T/Mad Cobra}
Major Lazer,Powerful {Ft. Ellie Goulding/Tarrus Riley}
Major Lazer,Roll The Bass
Major Lazer,Too Original {Ft. Elliphant/Jovi Rockwell}
Major Leagues,Someone Sometime
Majora,Grandis
Majora,Iridescent
Majora,The Shaman
Make Them Suffer,Old Souls
Make Them Suffer,Requiem
Makthaverskan,Witness
Mallrat,Suicide Blonde
Malo Zima,'Til It's Gone
Mammut,Blood Burst
Mangelwurzel,Fishy Fry
Mangelwurzel,My House
Manor,Can You Hear Me Talking At You
Mansionair,Pick Me Up
Mansionair,Seasons (Waiting On You) {triple j Like A Version}
Mansionair,Speak Easy
Mantra,Nowhere To Go {Ft.E,Swift/J,Ro}
Many Things,Holy Fire
Maples,Ever Longing
Maples,Into My Arms
Marcus,Cereal At 3am
Marcus Marr & Chet Faker,The Trouble With Us
Maribou State,Rituals
Maribou State,The Clown {Ft. Pedestrian}
Marika Hackman,Animal Fear
Marika Hackman,Ophelia
Marilyn Manson,Deep Six
Mark Ronson,Feel Right {Ft. Mystikal}
Mark Ronson,Heavy And Rolling {Ft. Andrew Wyatt}
Mark Ronson,I Can't Lose {Ft. Keyone Starr}
Mark Ronson,I Sat By The Ocean {triple j Like A Version}
Mark Ronson,In Case Of Fire {Ft. Jeff Bhasker}
Mark Ronson,Leaving Los Feliz {Ft. Kevin Parker}
Mark Ronson,Summer Breaking {Ft. Kevin Parker}
Marksman Lloyd,Olympus {Ft. Whisky Winter}
Marksman Lloyd,Pause {Ft. Coin Banks} {Prod. Sable}
Marlon Williams,Dark Child
Marlon Williams,Hello Miss Lonesome
Martin Courtney,Northern Highway
Martin King,Guilt Trip {Ft. Juliet Rowe}
Martin King,PGF {Ft. Juliet Rowe}
Mas Ysa,Look Up
Mathas,Enforce Less
Mathas,Free Shit {Ft. Ylem/Mei Saraswati}
Matt & Alex,Doin’ Numbers
Matt Corby,Monday
Maundz,Mad Nice {Ft. Hilltop Hoods}
Maundz,Whiplash {Ft. Nitida Atkinson}
Max Frost,Paranoia
Max Frost,Withdrawal
Mazde,Pitch Black {Ft. LissA}
Meat Wave,Delusion Moon
Meat Wave,Network
Meat Wave,Symmy
"Medics, The",Wake Up
"Meeting Tree, The",I Pay My Tax (I Hate Myself) {Ft. Janet English}
"Meeting Tree, The",R U A Cop? {Ft. Adamio Hyde}
Meg Mac,Never Be
Menace Beach,Come On Give Up
Menace Beach,Tastes Like Medicine
Methyl Ethel,Shadowboxing
Methyl Ethel,Twilight Driving
Metric,Fortunes
Metric,The Shade
METZ,Acetate
METZ,Eraser
METZ,I.O.U.
METZ,Spit You Out
Mew,Satellites
Miami Horror,Love Like Mine {Ft. Cleopold}
Michl,Kill Our Way To Heaven
Mid Ayr,Letting You In
Midnight Pool Party,Stay
Midnight To Monaco,Suicide
Miguel,...goingtohell
Miguel,Coffee
Miguel,Flesh
Miike Snow,Heart Is Full
Mikal Cronin,Made My Mind Up
Mike Gao,Shifty {Ft. Anderson Paak & Doja Cat}
Milan,Push & Pull
Milky Chance,Shake It Off {triple j Like A Version}
Millencolin,Sense & Sensibility
Milwaukee Banks,Faded
Mini Mansions,Death Is A Girl
Mini Mansions,Fantasy
Mini Mansions,Vertigo {Ft. Alex Turner}
Missy Elliott,WTF (Where They From) {Ft. Pharrell Williams}
MO,Kamikaze
Modern Baseball,Revenge Of The Nameless Ranger
Modest Mouse,Coyotes
Modest Mouse,Lampshades On Fire
Modest Mouse,Sugar Boats
Modest Mouse,The Best Room
Modest Mouse,Wicked Campaign
Monkey Safari,Cranes
Montaigne,Clip My Wings
Moon Holiday,Back To The Start
Moon Holiday,Prince
Moonbase Commander,Southpaw
Moonbase Commander x Cakes Da Killa,Serve It Up
Morgan Bain,Lift You Up
Morgan Bain,Why Don't You Stay
Morning Harvey,Lights Camera Gina
Morning Harvey,Pinch Me Velvet
Morning Harvey,Smith Street Swap Meet
Moses Gunn Collective,Back Into The Womb
Moses Gunn Collective,Hole In The Wall
Moses Gunn Collective,Hot Mess
Mosquito Coast,Call My Name
Mosquito Coast,Commotion
Motez,Tryna Shake It
Motion City Soundtrack,Lose Control
"Mountain Goats, The",The Legend Of Chavo Guerrero
Movie,In Vain
Mr. Carmack,thotsgalore
Mr. Little Jeans,Fool 4 You
Mr. Little Jeans,Waking Up
MS MR,Criminals
MS MR,How Does It Feel
MS MR,Painted
MS MR,Wrong Victory
MT Warning,When It All Bleeds Out
Mumford & Sons,Believe
Mumford & Sons,Ditmas
Mumford & Sons,Snake Eyes
Mumford & Sons,The Wolf
Mumford & Sons,Tompkins Square Park
Mumford & Sons,Wilder Mind
Mura Masa,Firefly {Ft. Nao}
Mura Masa,Love For That {Ft. Shura}
Mura Masa,Lovesick Fuck
"Murlocs, The",Adolescence
"Murlocs, The",Rolling On
Muscles,Unicorns
Muse,Dead Inside
Muse,Mercy
Muse,Psycho
Muse,Reapers
Mutemath,Monument
Mutemath,Used To
My Morning Jacket,Compound Fracture
My Morning Jacket,Like A River
My Own Pet Radio,Goodlum
My Own Pet Radio,No Great Mystery
N.E.R.D.,Squeeze Me
Nadia Reid,Reaching Through
Nantes,7
Nao,Inhale Exhale
Nao,Zillionaire
Napalm Death,Timeless Flogging
Nathan Morrison,Oceans {Ft. Robbie Miller}
Nathaniel Rateliff & The Nightsweats,S.O.B.
"National, The",Sunshine On My Back
Nattali Rize & Notis,Generations Will Rize {Ft. Kabaka Pyramid}
Nattali Rize & Notis,Heart Of A Lion
Neighbourhood Youth,Feel Our Cold
Neon Indian,Annie
Neon Indian,Slumlord
Neon Indian,The Glitzy Hive
Nero,Between II Worlds
Nero,Dark Skies
Nero,The Thrill
Nero,Two Minds
New Navy,Runaway
New Order,Restless
Ngaiire,Once
Ngaiire,The Less I Know The Better {triple j Like A Version}
Nicholas Allbrook,Blanket 3072
Nick Catchdubs,Run {Ft. MNDR}
Nick Hill,Rut
Nick Lynar,Too Dope
Nicky Night Time,Gonna Get Better {Ft. Nat Dunn}
Nicole Millar,Wait
Night Birds,Lapsed Catholics Need Dicipline
Night Birds,Life Is Not Amusement for Me
Nina Las Vegas & Swick,Cool Sports
Nite Fields,Prescription
Nite Fields,You I Never Knew
No Wyld,Odyssey
NO ZU,Ui Yia Uia
Nocturnal Sunshine,Believe {Ft. Chelou}
NOIRE,Baby Blue
Nora En Pure,Into The Wild
Northeast Party House,Perfect Lines
Northlane,Impulse
Northlane,Leech
Northlane,Let It Happen
Northlane,Node
Northlane,Obelisk
Northlane,Ra
Northlane,Soma
Northlane,Weightless
Nosaj Thing,Cold Stares {Ft. Chance The Rapper}
Nosaj Thing,Don't Mind Me {Ft. Whoarei}
Nothing But Thieves,Itch
Nothing But Thieves,Trip Switch
Nothing But Thieves,Wake Up Call
Novelist x Mumdance,1 Sec
NULL,"Back 2 Normal, Almost"
NxWorries,Suede
NYUON,Your City
"Occupants, The",Alison
Ocean Grove,I Told You To Smile
"Ocean Party, The",Greedy
"Ocean Party, The",Guess Work
Odd Mob,Marshmellow
Odd Mob,This Game {Ft. Bertie Blackman}
Oddisee,That's Love
ODESZA,Light {Ft. Little Dragon}
Of Monsters And Men,Crystals
Of Monsters And Men,Empire
Of Monsters And Men,Human
Of Monsters And Men,Hunger
Of Monsters And Men,Wolves Without Teeth
Oh Mercy,I Don't Really Want To Know
Oh Mercy,Sandy
Oh Pep!,The Race
Oh Wonder,Drive
Oh Wonder,Livewire
Oh Wonder,Lose It
Oisima,Sun Of Truth {Ft. Mei Saraswati}
Oisima,Take Your Time
OK Badlands,Cheap Tuesday
OK Badlands,Good Logic
Okenyo,Just A Story
Old Man River,One Step
Oliver Sol,After Dark
Oliver Sol,While You Sleep
Olympia,This Is Why We Can't Have Nice Things
Olympia,Tourists
Omar Musa,Dead Centre
One Day,Not Many {triple j Like A Version}
Onra,We Ridin' {Ft. Daz Dillinger & Olivier Daysoul}
Opia,Signs
Orb,Migration
Oscar,Breaking My Phone
Oscar,Daffodil Days
Oscar Key Sung,Altruism
Oscar Key Sung,Loud Places {triple j Like A Version}
Oscar Key Sung,Skip
Other Lives,2 Pyramids
Other Lives,Reconfiguration
Our Man In Berlin,Moliere
Our Man In Berlin,Spirit Down
Outdoor Type,When The Sun Goes Down
OverDoz.,Last Kiss {Ft. Pharrell}
Owen Rabbit,Denny's
Owen Rabbit,Holy Holy
Paces,Hold It Down {Ft. Reija Lee}
Paces,Nothing's Forever {Ft. KUCKA}
Packwood,All Smoke Must Find Its Way Home
Packwood,We Drink Light
Palace,Can't Stop {Ft. Godwolf}
Palma Violets,Danger In The Club
Palms,Beatdown
Palms,No More
Panama,Jungle
Panda Bear,Boys Latin
Panda Bear,No Mans Land
Paper Arms,This Time
Paper Diamond,We Gone {Ft. Shoffy}
"Paper Kites, The",Electric Indigo
"Paper Kites, The",Renegade
"Paper Kites, The",Revelator Eyes
Para One & The South African Youth Choir,Elevation
Parking Lot Experiments,Live Long
Parkway Drive,Bottom Feeder
Parkway Drive,Crushed
Parkway Drive,Dedicated
Parkway Drive,Destroyer
Parkway Drive,Dying To Believe
Parkway Drive,Fractures
Parkway Drive,The Sound Of Violence
Parkway Drive,Vice Grip
Parkway Drive,Writings On The Wall
Passion Pit,Lifted Up (1985)
Passion Pit,Until We Can't (Let's Go)
Pat Chow,Bad Thoughts
Patrick James,California Song
Patrick Watson,Love Song For Robots
Patrick Watson,Places You Will Go
Paul Conrad,California
Paul Conrad,Records
Peace,I'm A Girl
Peace,Perfect Skin
Peaches,Close Up {Ft. Kim Gordon}
Peaches,Light In Places
Pearls,Albion
Pearls,Pretend You're Mine
Peking Duk,Say My Name {Ft. Benjamin Joseph}
Penelope Austin,Dynamite {Ft. Baro}
Perch Creek,Mama Sings
PERIPHERY,Alpha
PERIPHERY,Graveless
Petite Noir,Best
Petite Noir,Down
Phases,I'm In Love With My Life
Philadelphia Grand Jury,Crashing & Burning Pt II
Philly,Dreamchaser
Philly,Three Little Birds {triple j Like A Version}
"Phoenix Foundation, The",Mountain
PILGRIMS,Pieces
"Pinheads, The",I Wanna Be A Girl
PINS,Baby Bhangs
PINS,Curse These Dreams
PINS,"Too Little, Too Late"
PINS,Young Girls
Pipe,Eye,People Move Along
Pipe,Eye,Tick Tock
Pixx,Fall In
Plaitum,LMHY
Planete,Altair
Playwrite,Black Cloud
PLGRMS,Pieces
Polarheart,Dystopia
Polarheart,Hypnotise
Polaris,Unfamiliar
Polica,Lime Habit
Polish Club,Beeping
Polish Club,Did Somebody Tell Me
Polographia,AM
Polographia,Up & Down {Ft. Goodbye Moon}
Pond,Holding Out For You
Pond,Man It Feels Like Space Again
Pond,Medicine Hat
Pond,Sitting Up On Our Crane
Pond,Waiting Around For Grace
Pond,Zond
Pop Cult,Gotta Keep Lovin'
Porches,Forgive {Ft. Greta Kline}
Porsches,Horses
Porsches,Karate
Portico,101 {Ft. Joe Newman}
Postblue,Glow Like Crazy
"Pretty Littles, The",Man Baby {Ft. Dix Pix}
Prime,Victory Lap {Ft. Purpose & Alex Jones}
Pro Vita,Feelings Not Gone
Pro Vita,Julia
"Prodigy, The",Ibiza {Ft. Sleaford Mods}
"Prodigy, The",Nasty
"Prodigy, The",Rebel Radio
"Prodigy, The",The Day Is My Enemy
"Prodigy, The",Wall Of Death
"Prodigy, The",Wild Frontier
Psycroptic,Cold
Psycroptic,The World Discarded
Purity Ring,Begin Again
Purity Ring,Bodyache
Purity Ring,Flood On The Floor
Purity Ring,Heartsigh
Purity Ring,Push Pull
Purity Ring,Repetition
Purity Ring,Sea Castle
Purity Ring,Stranger Than Earth
Puscifer,Money Shot
Puscifer,The Arsonist
Pusha T,Untouchable
R.W. Grace,All The Friends I Lost
R.W. Grace,Shell
RAC,Back Of The Car {Ft. Nate Hendricks}
RAC,Falling Hard {Ft. Madi Diaz}
Raekwon,Wall To Wall {Ft. French Montana/Busta Rhymes}
Rainy Day Women,Are You Coming Home?
Rainy Day Women,Matter Of Time
Raised Fist,Man & Earth
Raleigh Ritchie,The Greatest
Rat & Co,Spring I
Ratatat,Abrasive
Ratatat,Cream On Chrome
Ratatat,Nightclub Amnesia
Rationale,Fast Lane
Ratking,So Wrecked Youth
Raury,Devil's Whisper
Raury,Forbidden Knowledge {Ft. Big K.R.I.T.}
Raury,Friends {Ft. Tom Morello}
Ravyn Lenae,Free Room {Ft. Appleby}
Red Jezebel,Outer Dodge
Redspencer,Ride It Out
Refused,Dawkins Christ
Refused,Elektra
Refused,Francafrique
Rejjie Snow,All Around The World
Remi,Weirdos (From Planet HOB)
Retiree,Gundagai
Ribongia,Journeys
Richard In Your Mind,Ecstatic Electricity
Riley Pearce,Brave
Robbie Miller,The Pain
Robert DeLong,Don't Wait Up
Robert DeLong,Jealousy
Robyn & La Bagatelle Magique,Lose Control
Robyn & La Bagatelle Magique,Love Is Free
Rod Ladgrove,Holding On Tonight
Rod Ladgrove,India
Roisin Murphy,Exploitation
Roland Tings,Coming Up For Air
Roland Tings,Devotion
Roland Tings,Floating On A Salt Lake
Roland Tings,Hedonist
Roland Tings,Pala
Rolling Blackouts Coastal Fever,Clean Slate
Rolling Blackouts Coastal Fever,Wide Eyes
Rolls Bayce,Lost
Roots Manuva,Don't Breathe Out
Roots Manuva,Like A Drum
Rosie Lowe,Who's That Girl
Royal Blood,Hang Me Up To Dry {triple j Like A Version}
Royal Headache,Another World
Royal Headache,High
Royce Wood Junior,Honeydripper
Royce Wood Junior,Midnight
"Rubens, The",Bitter End
"Rubens, The",Cut Me Loose
"Rubens, The",Hallelujah
"Rubens, The",Hold Me Back
"Rubens, The",Hoops
"Rubens, The",Switchblade
"Rubens, The",The Fool
"Rubens, The",The Night Is On My Side
"Rubens, The",Things About To Change
Rudimental,I Will For Love
Rudimental,Never Let You Go
Rudimental,Rumour Mill {Ft. AnneMarie/Will Heard}
Rudimental,Too Cool {Ft. Ella Eyre}
Rudimental,We The Generation {Ft. Mahalia}
RUFUS,Innerbloom
RUFUS,Like An Animal
RUFUS,You Were Right
Run The Jewels,Rubble Kings Theme (Dynamite)
Running Touch,This Is Just To Say
Running Touch,What's Best For You
Rustie,Big Catzz
Ry,Gimme That {Ft. Jordan De La Cruz}
Ryan Hemsworth,Afterglow
S,Type,Fire {Ft. Yung Gud}
Sable,Like You (Girl) {Ft. Floria}
Sable,One & Only
SAFIA,Counting Sheep
SAFIA,Embracing Me
SAFIA,Left Hand Free {triple j Like A Version}
Saintseneca,Sleeper Hold
salute,Castle
salute,Diamond (Gold Rush)
Sam Smith,Lay Me Down (Flume Remix)
Sam Wright,Make It So
Sampa The Great,F E M A L E
Sampa The Great,Jamal
Samuel Dobson,Coda
Samuel Dobson,Who You Run With
San Cisco,About You
San Cisco,Bitter Winter
San Cisco,Jealousy {Ft. Isabella Manfredi}
San Cisco,Magic
San Cisco,Snow
San Cisco,Super Slow
San Cisco,Too Much Time Together
San Cisco,Wash It All Away
San Fermin,Jackrabbit
San Holo x Father Dude,IMISSU
Sans,Torquay
Sans Parents,Loose People
Santigold,Can't Get Enough Of Myself {Ft. B.C.}
Santigold,Radio
Sarah Blasko,Better With You
Sarah Blasko,I Am Ready
Sarah Blasko,I Wanna Be Your Man
Sarah Blasko,I'd Be Lost
Sarah Blasko,Maybe This Time
Sarah Blasko,Only One
Saskwatch,Down The Stairs
Saskwatch,I'll Be Fine
Savages,T.I.W.Y.G.
Savages,The Answer
School Of Seven Bells,Open Your Eyes
Screaming Peaches,Sad Kid
Sea Legs,Witches Have Friends
Seekae,Picture Me Gone {triple j Like A Version}
Set Mo,Chasing Forever {Ft. ALPHAMAMA}
Set Mo,White Dress {Ft. Deutsch Duke}
Seth Sentry,1969
Seth Sentry,Dumb
Seth Sentry,Hell Boy
Seth Sentry,How Are You
Seth Sentry,Nobody Like Me {Ft. Remi}
Seth Sentry,Run
Seth Sentry,Violin
Seven Davis Jr,Be A Man {Ft. Flako}
Seven Davis Jr,Good Vibes {Ft. Julio Bashmore}
SG Lewis,No Less
SG Lewis,Warm
Shadow Child & Ben Pearce,Nothing Ever Hurts {Ft. Laurel}
Shamir,Call It Off
Sharon Jones & The Dapkings,Little Boys With Shiny Toys
Shearwater,Quiet Americans
Shining Bird,Rivermouth
Shlohmo,Beams
Shlohmo,Buried
Shlohmo,Emerge From Smoke
Shura,2Shy
Shura,White Light
Sia,Alive
Sia,Bird Set Free
Sid Pattni,Being Human {Ft. Josh Osho}
Sid Pattni,Love And Desire {Ft. Sophie Hopes}
Silicon,Burning Sugar
Silicon,God Emoji
Silversun Pickups,Circadian Rhythm (Last Dance)
Silversun Pickups,Nightlight
Sizarr,Scooter Accident
Skaters,Mental Case
Skegss,Eat It
Skegss,Fun
Skepta,Back Then
Skepta,Shutdown
SKIES,Call For My Heart
SKIES,Too Young
Slaves,Cheer Up London
Slaves,The Hunter
Slayer,When The Stillness Comes
Sleater,Kinney,A New Wave
Sleater,Kinney,Fangless
Sleater,Kinney,No Cities To Love
Sleater,Kinney,Price Tag
Sleater,Kinney,Surface Envy
Sleepy Tom,Pusher {Ft. Anna Lunoe}
Slow Turismo,I Sit Down As Soon As I Get Up
Slum Sociable,All Night
Slum Sociable,Anyway
Slum Village,Expressive {Ft. BJ The Chicago Kid and Illa J}
Slum Village,Push It Along {Ft. Phife}
Slumberhaze,Nothing But You
Slumberjack,Enigma {Ft. GRRL PAL}
"Smith Street Band, The",I Scare Myself Sometimes {Ft. Lucy Wilson}
"Smith Street Band, The",Wipe That ShitEating Grin Off Your Punchable Face
Snakehips,All My Friends {Ft. Tinashe/Chance The Rapper}
Snakehips,Gone {Ft. Syd}
Snoop Dogg,So Many Pros
SOAK,Garden
SOAK,Sea Creatures
Society,Protocol
Soilwork,The Ride Majestic
Soko,Who Wears The Pants??
Solkyri,Yes I'm Breathing
Son Little,Lay Down
Son Lux,Change Is Everything
Son Lux,Flight
Sons Of Rico,What Am I Doing Here?
Sons Of The East,Into The Sun
SOPHIE,Just Like We Never Said Goodbye
Sophie Lowe,Pink Flowers
Sophie Lowe,Understand
Soul Benefits,Step Up {Ft. Angel}
Spector,All The Sad Young Men
Speedy Ortiz,Raising The Skate
Speedy Ortiz,The Graduates
spire,Still Don't Understand
Split Feed,Underground
Split Feed,Vanilla
Spring King,City
Spring King,Who Are You?
Squarepusher,Stor Eiglass
St. Lucia,All Eyes On You
St. South,Cadence
St. Vincent,Bad Believer
St. Vincent,Teenage Talk
Stanton Warriors,Loving Me Wrong
Statik Selektah,Beautiful Life {Ft. Action Bronson & Joey Bada$$}
Statues,Oh Precious Commodity
Stealing Sheep,Not Real
Steven A. Clark,Can't Have
Steven A. Clark,Not You
Sticky Fingers,Delete {triple j Like A Version}
Sticky Fingers,Ghost Town
Stillwater Giants,Patience
Stonefield,Golden Dream
Stonefox,Ghost
"Stoops, The",Middle Of A Riot
Stormzy,Know Me From
Stormzy,Shut Up
Stormzy,Standard
Stormzy,WickedSkengMan 4
"Story So Far, The",Nerve
Strange Babes,Come Back Around
Stray From The Path,First World Problem Child
"Strypes, The",Get Into It
Sufjan Stevens,All Of Me Wants All Of You
Sufjan Stevens,Death With Dignity
Sufjan Stevens,Drawn To The Blood
Sufjan Stevens,No Shade In The Shadow Of The Cross
Sufjan Stevens,Should Have Known Better
Sui Zhen,Take It All Back
SUIIX,Alright
Summer Camp,Bad Love
Summer Flake,Makes Me Wanna Cry
Summer Flake,The Sun Won't Shine
Sunbeam Sound Machine,Getting Young
Sunflower Bean,Wall Watcher
Surahn,Wanted To Fly
Surfer Blood,I Can't Explain
Surfer Blood,Point Of No Return
Swick,Crystal Palace
Swim Season,Soldiers
Szymon,Golden
Szymon,Medusa
Ta,ku,Love Again {Ft. JMSN/Sango}
Tabrill,Moving On {Ft. Feki}
TACHES,Eat Your Friends {Ft. Shoffy}
Talib Kweli,Every Ghetto {Ft. Rapsody}
Talib Kweli,The Venetian {Ft. NIKO IS/AbSoul} {Prod. The Alchemist}
Talib Kweli,Tryin To Breathe {Ft. Killer Mike}
Tame Impala,'Cause I'm A Man
Tame Impala,Confide In Me {triple j Like A Version}
Tame Impala,Disciples
Tame Impala,Eventually
Tame Impala,Let It Happen
Tame Impala,Let It Happen (Soulwax Remix)
Tame Impala,Love/Paranoia
Tame Impala,"New Person, Same Old Mistakes"
Tame Impala,Reality In Motion
Tame Impala,The Less I Know The Better
Tame Impala,The Moment
Tame Impala,Yes I'm Changing
Taser x Tink,Wet Dollars
Tear Council,Anywhere
Tear Council,My Car
Teeth & Tongue,Cupcake
Tei Shi,Go Slow
Tempura Nights,Studville
Ten Walls,Sparta
Thandi Phoenix,Come Around
Them Bruins,Heading For The Harrows
Them Bruins,Walk A Line
These Guy,Over Before It Begins
Thief,Crazy
Thunderbitch,I Just Wanna Rock n Roll
Thundercat,Them Changes
Thy Art Is Murder,Holy War
Thy Art Is Murder,Light Bearer
Tiger Choir,All Time
Tiger Choir,Interstate
Tiger Choir,Shani
Tiggs Da Author,Georgia
Tijuana Cartel,Lost My Head
"Tim Rogers & Bamboos, The",Easy
Timberwolf,Fallen Sun
Timberwolf,Whiskey Jar
Timothy Nelson & The Infidels,My Luck
Tink,Ratchet Commandments
Tiny Little Houses,Easy
Tiny Little Houses,Soon We Won't Exist
Tired Lion,I Don't Think You Like Me
Tired Lion,Saramona Said {triple j Like A Version}
Tired Lion,Suck
Title Fight,Chlorine
Title Fight,Rose Of Sharon
Titus Andronicus,Dimed Out
Titus Andronicus,Fatal Flaw
Tkay Maidza,Ghost
Tkay Maidza,M.O.B.
Tobias Jesso Jr.,How Could You Babe
Tom Misch,Oh Baby
Tom Misch,Wander With Me {Ft. Carmody}
Tomas Barfod,Hope In A Box
Tomas Barfod,Used To Be {Ft. Nina K}
"Tongue, The",Never Going Down {Ft. Ngaiire}
"Tongue, The",You Got Me {Ft. Mataya}
Toro y Moi,Buffalo
Toro y Moi,Empty Nesters
TORRES,Sprinter
TORRES,Strange Hellos
Tory Lanez,Say It
Total Babes,Heydays
Total Giovanni,When We Break
Totally Mild,Battleship
Tourist,Holding On {Ft. Josef Salvat/Niia}
Tove Styrke,Ain't Got No...
Tove Styrke,Ego
Towkio,Free Your Mind {Ft. Donnie Trumpet}
Towkio,Heaven Only Knows {Ft. Donnie Trumpet/Lido/Eryn Allen Kane}
Travis Scott,90210 {Ft. Kacy Hill}
Travis Scott,Antidote
TroldHaugen,Viva Loa Vegas
Tropics,Hunger
Tropics,Rapture
Trouble Knows Me,From Trouble They Know Me
Tuka,Big Jet Plane {triple j Like A Version}
Tuka,Don't Wait Up
Tuka,L.D.T.E.
Tuka,My Star
Tuka,Nirvana
Tuka,Right By You
Tuka,Tattoo
Tully On Tully,All These Words
Turbowolf,Rabbits Foot
Tuxedo,Do It
Twelve Foot Ninja,One Hand Killing
Twerps,I Don't Mind
Twerps,New Moves
Twerps,Simple Feelings
Twerps,Stranger
Twin Caverns,Pyramid
Twin Haus,I Used To Think
Tyler Touche,Act Of God {Ft. Jason Gaffner}
"Tyler, The Creator",DEATHCAMP
U.S. Girls,Damn That Valley
Unknown Mortal Orchestra,Can't Keep Checking My Phone
Unknown Mortal Orchestra,Multi,Love
Until The Ribbon Breaks,Spark
Urban Cone,Weekends
Urthboy,Long Loud Hours {Ft. Bertie Blackman}
UV boi,"If She, If He {Ft. EASTGHOST}"
UV boi,LUV {Ft. Fionn Richards/Brasstracks}
"Vaccines, The",20/20
"Vaccines, The",Dream Lover
"Vaccines, The",Handsome
"Vaccines, The",Minimal Affection
Vallis Alps,Thru
Vallis Alps,Young
Vance Joy,Fake Plastic Trees {triple j Like A Version}
Vance Joy,Fire And The Flood
Vance Joy,Great Summer
VANT,Do You Know Me?
VANT,Parking Lot
Velociraptor,Dollarmite
Venom,From The Very Depths
"Venusians, The",Keep Running
Vera Blue,Hold
Verge Collection,Feel Bad Songs
Verge Collection,Our Place
"Very Best, The",Let Go
Vic Mensa,U Mad {Ft. Kanye West}
Viet Cong,Continental Shelf
Viet Cong,Silhouettes
Vigilantes,Elasticity
Vince Staples,Get Paid {Ft. Desi Mo}
Vince Staples,Norf Norf
Vince Staples,Senorita
Violent Soho,Like Soda
Voltaire Twins,Long Weekend
WAAX,I For An Eye
Wafia,Heartburn
Walken,Even If It Kills Me
"Walking Who, The",My Future Wife
Wallace,Beauty {Ft. Sampa The Great}
Warpaint,No Way Out
Wave Racer,Flash Drive {Ft. BABY}
Wave Racer,World Record {Ft. Lido}
Wavves,Heavy Metal Detox
Wavves,My Head Hurts
Wavves,Pony
Wavves,Way Too Much
Wax Motif,Krush Groove
Waxahatchee,Under A Rock
Waza,Tell Me How
"Weeknd, The",Acquainted
"Weeknd, The",Can't Feel My Face
"Weeknd, The",Dark Times {Ft. Ed Sheeran}
"Weeknd, The",Earned It
"Weeknd, The",Losers {Ft. Labrinth}
"Weeknd, The",Prisoner {Ft. Lana Del Rey}
"Weeknd, The",Real Life
"Weeknd, The",Shameless
"Weeknd, The",Tell Your Friends
"Weeknd, The",The Hills
Weezer,Thank God For Girls
West Thebarton Brothel Party,Misophonia
Wet,Deadwater
What So Not,Gemini {Ft. George Maple}
Whilk & Misky,Burn With Me
Whitaker,Horizon
White Shadows,Give Up Give Out Give In
Why We Run,Comfortable Lie
Why We Run,Ignites
Wilco,Random Name Generator
Wild Belle,Giving Up On You
Wild Honey,Eye To Eye
Wiley,Chasing The Art
Will Butler,Anna
WILSN,Unmeet You
WILSN,Walking For Days
Winterbourne,To Get To Know You
Wishes,I Want To Be Alone With You
With You,Ghost {Ft. Vince Staples}
Wolf Alice,Freazy
Wolf Alice,Giant Peach
Wolf Alice,Lisbon
Wolf Alice,Turn To Dust
Wolf Alice,You're A Germ
Wolf Alice,Your Loves Whore
"Wombats, The",Be Your Shadow
"Wombats, The",Do You Remember {triple j Like A Version}
"Wombats, The",Emoticons
"Wombats, The",Give Me A Try
"Wombats, The",Greek Tragedy
"Wombats, The",The English Summer
"Wombats, The",This Is Not A Party
Woodes X Elkkle,Flash Mob
World Champion,Avocado Galaxy
World Champion,Shakes
World's End Press,Spirals (Slide Away)
World's End Press,Tall Stories
Xavier Rudd & The United Nations,Come People
YACHT,I Thought The Future Would Be Cooler
Yak,No
YATES,Virtue
Yeo,Icarus
Yeo,Quiet Achiever
YesYou,"Get Up, Get Down {Ft. Kane Mazlin}"
YesYou,Through Your Eyes {Ft. La Mar}
YOGI & Skrillex,Burial {Ft. Pusha T/Moody Good/TrollPhace}
You Am I,Bon Vivants
You Am I,Good Advices
Young Fathers,Feasting
Young Fathers,Rain Or Shine
Young Fathers,Shame
Young Franco,Don't U Want Me {Ft. Blair De Milo}
Young Franco,Talkin' Bout It {Ft. KLP}
Young Tapz,Killa
Young Thug,Constantly Hating {Ft. Birdman}
Yukon Blonde,Saturday Night
Yum Yum,Do You Really? {Ft. The Brass Knuckle Brass Band}
Yuma X,Matchstick
Yuma X,Swimming Pool
Yumi Zouma,Catastrophe
Yung,God
Yuuca,Breathe
Yvng Jalapeno,In Control {Ft. MUUKI}
Zane Francis,Acclimate
Zefereli,Once In A While
Zefereli,Withdrawals
ZHU x A,Trak x Keznamdi,As Crazy As It Is
ZHU x AlunaGeorge,Automatic
ZHU x Bone Thugs,N,Harmony x Trombone
Shorty,"Hold Up, Wait A Minute"
ZHU x Gallant,Testarossa Music
ZHU x Skrillex x THEY.,Working For It ZHU x Vancouver Sleep Clinic x Daniel
Johns,Modern Conversation
